{
    "1": 0.6596909207984546,
    "2": 0.7012706784943659,
    "3": 0.6303144375553588,
    "4": 0.6541241890639481,
    "5": 0.5792341220423413,
    "6": 0.6936884433824815,
    "7": 0.6575937583119071,
    "8": 0.5432093725762337,
    "9": 0.6743732590529248,
    "10": 0.6562680531484691,
    "11": 0.6221686527790411,
    "12": 0.6148841532231294,
    "13": 0.7583431310482047,
    "14": 0.6635111022997622,
    "15": 0.5951772986655417,
    "16": 0.1724137931034483,
    "17": 0.28,
    "18": 0.4166666666666667,
    "19": 0.29411764705882354,
    "20": 0.29411764705882354,
    "21": 0.4166666666666667,
    "22": 0.5685609309589953,
    "23": 0.35714285714285715,
    "24": 0.4166666666666667,
    "25": 0.6429951690821256,
    "26": 0.7338794112212849,
    "27": 0.6963961073681959,
    "28": 0.5520162656726534,
    "29": 0.4504810413129599,
    "30": 0.602219321148825,
    "31": 0.7350017749378772,
    "32": 0.7336854017351944,
    "33": 0.5406715126341295,
    "34": 0.4862204724409449,
    "35": 0.7205085943018602,
    "36": 0.7263962945009965,
    "37": 0.6377000592768227,
    "38": 0.5946337342612333,
    "39": 0.5348516671042268,
    "40": 0.4838841289269686,
    "41": 0.5143175310213172,
    "42": 0.6408485446472619,
    "43": 0.574374725756911,
    "44": 0.40551071527971055,
    "45": 0.623310514305775,
    "46": 0.7067790931427296,
    "47": 0.6616936112699485,
    "48": 0.7058569888609414,
    "49": 0.568078913324709,
    "50": 0.5160044150110376,
    "51": 0.5013071895424835,
    "52": 0.587401737691353,
    "53": 0.5912497657860221,
    "54": 0.5793103448275863,
    "55": 0.6137830269085596,
    "56": 0.5662266727355485,
    "57": 0.30194805194805197,
    "58": 0.6872492197949175,
    "59": 0.6386812946593253,
    "60": 0.6386116864369548,
    "61": 0.6422324763788178,
    "62": 0.6532139516236803,
    "63": 0.6116584564860427,
    "64": 0.6153216565722704,
    "65": 0.48481781376518224,
    "66": 0.6891877118180826,
    "67": 0.6954207285787584,
    "68": 0.685966487133453,
    "69": 0.5494469746258946,
    "70": 0.646540624788236,
    "71": 0.5912537471345441,
    "72": 0.6353689567430025,
    "73": 0.5260416666666666,
    "74": 0.5518053375196234,
    "75": 0.39305301645338214,
    "76": 0.5844524793388428,
    "77": 0.6096224116930573,
    "78": 0.47078689631881115,
    "79": 0.6095617529880478,
    "80": 0.5572139303482586,
    "81": 0.6737201365187714,
    "82": 0.3695090439276486,
    "83": 0.6752136752136753,
    "84": 0.5961538461538463,
    "85": 0.6362745098039215,
    "86": 0.632999228989977,
    "87": 0.6192149970708846,
    "88": 0.21825396825396823,
    "89": 0.23856209150326801,
    "90": 0.6432645897323388,
    "91": 0.375968992248062,
    "92": 0.8819422405585529,
    "93": 0.4867021276595745,
    "94": 0.660394265232975,
    "95": 0.5078369905956114,
    "96": 0.7693437806072478,
    "97": 0.7228915662650602,
    "98": 0.554140127388535,
    "99": 0.5673076923076923,
    "100": 0.40625,
    "101": 0.5714285714285714,
    "102": 0.5
}