{
    "loss": [
        0.8913525342941284,
        0.810989499092102,
        0.7704250812530518,
        0.7418258786201477,
        0.7207411527633667,
        0.7054709196090698,
        0.6936227083206177,
        0.6846988797187805,
        0.6781072020530701,
        0.6732897162437439,
        0.6691606640815735,
        0.6658680438995361,
        0.6634394526481628,
        0.6612778306007385,
        0.6595659255981445,
        0.6582757234573364,
        0.6570781469345093,
        0.6560596227645874,
        0.655217707157135,
        0.6546304821968079,
        0.65408855676651,
        0.6534777283668518,
        0.6531333327293396,
        0.652736485004425,
        0.6519370079040527,
        0.6488970518112183,
        0.616707980632782,
        0.5307176113128662,
        0.39747440814971924,
        0.32234716415405273,
        0.2819037437438965,
        0.24418053030967712,
        0.19661860167980194,
        0.15760557353496552,
        0.1359574943780899,
        0.12408237159252167,
        0.11583199352025986,
        0.10882893204689026,
        0.10170192271471024,
        0.09677264094352722,
        0.09503795951604843,
        0.09233427047729492,
        0.08984753489494324,
        0.08775124698877335,
        0.08619356155395508,
        0.08446911722421646,
        0.08328036963939667,
        0.08180863410234451,
        0.08007604628801346,
        0.0788244679570198,
        0.07633710652589798,
        0.07446742802858353,
        0.07382874190807343,
        0.07217901945114136,
        0.0705893337726593,
        0.07036568969488144,
        0.06897389888763428,
        0.06715261936187744,
        0.06613306701183319,
        0.06562990695238113,
        0.06469307094812393,
        0.06313963234424591,
        0.06359897553920746,
        0.0627550408244133,
        0.062106288969516754,
        0.06160671263933182,
        0.060380641371011734,
        0.05973704904317856,
        0.05870215594768524,
        0.05893626809120178,
        0.05766279995441437,
        0.057503651827573776,
        0.05681181699037552,
        0.05679049715399742,
        0.056199200451374054
    ],
    "val_loss": [
        0.8204529881477356,
        0.7752739191055298,
        0.7457568645477295,
        0.7240128517150879,
        0.7062755227088928,
        0.6950604915618896,
        0.6860557794570923,
        0.6779157519340515,
        0.6735367774963379,
        0.669379711151123,
        0.6654399037361145,
        0.6623426079750061,
        0.6603516936302185,
        0.658346951007843,
        0.6571149826049805,
        0.6555662751197815,
        0.6547026038169861,
        0.6541368365287781,
        0.6534311771392822,
        0.6527787446975708,
        0.6522772312164307,
        0.6518798470497131,
        0.6517156362533569,
        0.6512681841850281,
        0.6503221392631531,
        0.6380789279937744,
        0.569878339767456,
        0.3121944069862366,
        0.15923935174942017,
        0.10421842336654663,
        0.07279390841722488,
        0.056870609521865845,
        0.05614873766899109,
        0.05821853131055832,
        0.058281924575567245,
        0.058455415070056915,
        0.058187633752822876,
        0.058242715895175934,
        0.05724393576383591,
        0.05595651641488075,
        0.05540170148015022,
        0.054886601865291595,
        0.05436300113797188,
        0.053769417107105255,
        0.05354518070816994,
        0.05292440578341484,
        0.05264567956328392,
        0.05226702243089676,
        0.05205676332116127,
        0.05138618126511574,
        0.05095706135034561,
        0.05058623477816582,
        0.05016520991921425,
        0.049866046756505966,
        0.049294330179691315,
        0.04892868548631668,
        0.0484854057431221,
        0.04802635312080383,
        0.047588665038347244,
        0.04711241275072098,
        0.0466146357357502,
        0.04612778499722481,
        0.04573829844594002,
        0.04534881189465523,
        0.044974878430366516,
        0.04456412047147751,
        0.04423043876886368,
        0.04387390986084938,
        0.043548740446567535,
        0.043116215616464615,
        0.04281161352992058,
        0.04251488298177719,
        0.04221266508102417,
        0.04182177409529686,
        0.0415320061147213
    ],
    "accuracy": [
        5.378599962568842e-05,
        0.0,
        0.0,
        0.0,
        0.0,
        0.0,
        0.0,
        0.0,
        0.0,
        0.0,
        0.0,
        0.0,
        0.0,
        0.0,
        0.0,
        0.0,
        0.0,
        0.0,
        0.0,
        0.0,
        0.0,
        0.0,
        0.0,
        0.0,
        0.0,
        0.0,
        0.0,
        1.5367427295132075e-06,
        6.14697091805283e-06,
        0.0,
        6.14697091805283e-06,
        0.00015674775931984186,
        0.00018594587163534015,
        0.0011172121157869697,
        0.005827330052852631,
        0.003984774462878704,
        0.01648617535829544,
        0.0008405981934629381,
        1.6904172298382036e-05,
        5.685949508915655e-05,
        0.007989524863660336,
        0.013254406861960888,
        0.008639568462967873,
        0.0011633143294602633,
        0.012204810976982117,
        0.007669883314520121,
        0.0001644314470468089,
        2.305113957845606e-05,
        2.7661370040732436e-05,
        0.006180779542773962,
        0.036214884370565414,
        0.01214180700480938,
        0.006575721316039562,
        0.01907712034881115,
        0.008667228743433952,
        0.012071115896105766,
        0.02164963074028492,
        0.012748821638524532,
        0.00046716982615180314,
        0.00019516629981808364,
        0.0006239174399524927,
        0.002051551826298237,
        0.00047178001841530204,
        6.14697128185071e-05,
        0.00040262663969770074,
        0.00036420804099179804,
        0.0007069014827720821,
        4.763902325066738e-05,
        3.380833732080646e-05,
        0.0,
        2.4587881853221916e-05,
        1.8440914573147893e-05,
        8.913107740227133e-05,
        0.015820767730474472,
        0.001068035839125514
    ],
    "val_accuracy": [
        0.0,
        0.0,
        0.0,
        0.0,
        0.0,
        0.0,
        0.0,
        0.0,
        0.0,
        0.0,
        0.0,
        0.0,
        0.0,
        0.0,
        0.0,
        0.0,
        0.0,
        0.0,
        0.0,
        0.0,
        0.0,
        0.0,
        0.0,
        0.0,
        0.0,
        0.0,
        0.0,
        0.0,
        0.0,
        0.0,
        0.0,
        0.0,
        0.0012472657253965735,
        0.01274300180375576,
        0.012159306555986404,
        2.4576667783549055e-05,
        0.006138022523373365,
        0.0,
        0.0,
        0.0,
        0.09762465208768845,
        0.09831281751394272,
        6.144166945887264e-06,
        0.0,
        0.10510825365781784,
        0.0,
        0.0,
        0.0,
        0.0,
        0.06007765978574753,
        0.0,
        0.0,
        0.014401926659047604,
        0.03045049123466015,
        0.0012472657253965735,
        0.03482513874769211,
        0.0882425308227539,
        3.686499985633418e-05,
        0.0,
        0.0,
        0.0,
        0.0,
        0.0,
        0.0002826316631399095,
        7.373000698862597e-05,
        6.144167127786204e-05,
        7.372999971266836e-05,
        0.0,
        0.0,
        0.0,
        0.0,
        0.0,
        0.0,
        0.01152031309902668,
        0.0
    ]
}